-- Insert Products
INSERT IGNORE INTO `Products` (`ProductID`, `Name`, `Price`, `Stock`, `CategoryID`, `Description`)
VALUES
(1, 'Intel Core i9-9900K CPU', 499.99, 50, 2, '8 cores, 16 threads, 3.6GHz base clock'),
(2, 'AMD Ryzen 7 5800X CPU', 449.99, 50, 2, '8 cores, 16 threads, 3.8GHz base clock'),
(3, 'NVIDIA GeForce RTX 3080 GPU', 799.99, 14, 3, '10GB GDDR6X, Ray Tracing, DLSS'),
(4, 'AMD Radeon RX 6800 XT GPU', 699.99, 30, 3, '16GB GDDR6, Ray Tracing, FidelityFX'),
(5, 'NZXT H510 ATX Mid Tower Case', 79.99, 20, 4, 'Tempered glass, cable management, USB-C'),
(6, 'Samsung 970 EVO Plus 1TB NVMe SSD', 149.99, 40, 5, 'Read speed up to 3500 MB/s, Write speed up to 3300 MB/s'),
(7, 'Corsair Vengeance LPX 16GB RAM', 79.99, 10, 6, 'DDR4 3200MHz, CAS latency 16, XMP 2.0'),
(8, 'ASUS ROG Strix B550-F Gaming Motherboard', 179.99, 30, 1, 'ATX, PCIe 4.0, WiFi 6, Bluetooth 5.1'),
(9, 'EVGA SuperNOVA 750 G5 Power Supply', 129.99, 25, 1, '750W, 80 PLUS Gold, Fully Modular'),
(10, 'Seagate Barracuda 2TB HDD', 59.99, 0, 5, '7200 RPM, 256MB cache'),
(11, 'AMD Ryzen 9 5950X CPU', 799.99, 30, 2, '16 cores, 32 threads, 3.4GHz base clock'),
(12, 'NVIDIA GeForce RTX 3070 GPU', 499.99, 25, 3, '8GB GDDR6, Ray Tracing, DLSS'),
(13, 'Fractal Design Meshify C ATX Case', 89.99, 15, 4, 'Mesh front panel, tempered glass side panel, cable routing'),
(14, 'WD Black SN750 500GB NVMe SSD', 89.99, 35, 5, 'Read speed up to 3470 MB/s, Write speed up to 2600 MB/s'),
(15, 'G.Skill Ripjaws V 32GB RAM', 129.99, 4, 6, 'DDR4 3600MHz, CAS latency 18, XMP 2.0'),
(16, 'MSI MAG B550 Tomahawk Motherboard', 159.99, 25, 1, 'ATX, PCIe 4.0, USB 3.2, Mystic Light RGB'),
(17, 'Corsair RM750x Power Supply', 139.99, 20, 1, '750W, 80 PLUS Gold, Fully Modular'),
(18, 'Crucial MX500 1TB SATA SSD', 109.99, 30, 5, 'Read speed up to 560 MB/s, Write speed up to 510 MB/s'),
(19, 'Intel Core i5-11600K CPU', 269.99, 12, 2, '6 cores, 12 threads, 3.9GHz base clock'),
(20, 'ASRock B450M PRO4 Micro ATX Motherboard', 89.99, 20, 1, 'Micro ATX, PCIe 3.0, M.2 slot'),
(21, 'AMD Ryzen 5 5600X CPU', 299.99, 30, 2, '6 cores, 12 threads, 3.7GHz base clock'),
(22, 'Gigabyte GeForce GTX 1660 Super GPU', 299.99, 20, 3, '6GB GDDR5, Windforce cooling, HDMI, DisplayPort'),
(23, 'NZXT H710i ATX Mid Tower Case', 169.99, 15, 4, 'Smart device V2, RGB lighting, tempered glass, cable management'),
(24, 'Samsung 860 EVO 1TB SATA SSD', 119.99, 30, 5, 'Read speed up to 550 MB/s, Write speed up to 520 MB/s'),
(25, 'Corsair Dominator Platinum 32GB RAM', 199.99, 40, 6, 'DDR4 3200MHz, CAS latency 16, Corsair Link compatible'),
(26, 'ASUS Prime Z590-A ATX Motherboard', 229.99, 20, 1, 'ATX, PCIe 4.0, WiFi 6, Bluetooth 5.2'),
(27, 'EVGA Supernova 850 G3 Power Supply', 169.99, 20, 1, '850W, 80 PLUS Gold, Fully Modular'),
(28, 'Western Digital Blue 2TB HDD', 69.99, 25, 5, '5400 RPM, 64MB cache'),
(29, 'Intel Core i7-10700K CPU', 399.99, 30, 2, '8 cores, 16 threads, 3.8GHz base clock'),
(30, 'Zotac GeForce RTX 3060 Ti GPU', 449.99, 8, 3, '8GB GDDR6, IceStorm 2.0 cooling, FireStorm utility'),
(31, 'Phanteks Eclipse P400A ATX Case', 89.99, 15, 4, 'Mesh front panel, tempered glass, RGB lighting'),
(32, 'ADATA XPG SX8200 Pro 1TB NVMe SSD', 119.99, 35, 5, 'Read speed up to 3500 MB/s, Write speed up to 3000 MB/s');

-- Insert statements for ProductImages table
INSERT IGNORE INTO `ProductImages` (`ProductID`, `FileName`, `MainImage`) VALUES
(1, 'corei9.webp', TRUE),
(2, '100-100000063WOF_4_Supersize.webp', TRUE),
(3, '71Tmx-qnp-L._AC_UF1000_1000_QL80_.webp', TRUE),
(4, '81c3PiQLBUL.webp', TRUE),
(5, '71QjCG6NZQL._AC_UF1000,1000_QL80_.webp', TRUE),
(6, '817Ft98G1aL._AC_UF1000,1000_QL80_.webp', TRUE),
(7, '10220493.webp', TRUE),
(8, 'pd.webp', TRUE),
(9, '220-G5-0750-X2_XL_1.webp', TRUE),
(10, '615fimw6rkL.webp', TRUE),
(11, '51hybJp7KjL._AC_UL600_SR600,600_.webp', TRUE),
(12, '61Gk5ZGUAvL._AC_UF1000,1000_QL80_.webp', TRUE),
(13, 'Meshify-C_6-1200x1200.webp', TRUE),
(14, '51maPaz9VCL.webp', TRUE),
(15, '61hh5DtX35L._AC_UF1000,1000_QL80_.webp', TRUE),
(16, '910jyKG9QlL.webp', TRUE),
(17, '81dLnOhv4VL._AC_UF894,1000_QL80_.webp', TRUE),
(18, 'img.webp', TRUE),
(19, '71l9KM7GhzL.webp', TRUE),
(20, 'asrock-b450m-pro4-r20-motherboard-micro-atx-amd-am4-sockel-004.webp', TRUE),
(21, '555--20614363-A_Ryzen55000_3DPIBWOF_RIGHT_ROW.webp', TRUE),
(22, '61jQTlUxSaS._AC_UF1000,1000_QL80_.webp', TRUE),
(23, '710POypV8KL.webp', TRUE),
(24, '91uXmOzjQNL._AC_UF1000,1000_QL80_.webp', TRUE),
(25, '41pmiHIwDEL.webp', TRUE),
(26, 'intro-main.webp', TRUE),
(27, '220-G3-0850-X2_XL_4.webp', TRUE),
(28, '81yWIjiHIDL.webp', TRUE),
(29, 's-l1200.webp', TRUE),
(30, '81iKGq2f77L.webp', TRUE),
(31, '71e5k8fO9kL.webp', TRUE),
(32, '71Q4ukBjtRL.webp', TRUE);

-- Insert statements for Customers table
INSERT IGNORE INTO `Customers` (`CustomerID`, `Email`, `Username`, `CustomerAddress`, `PasswordHash`) VALUES
(1, 'user1@mail.com', 'user1', '123 Fake St, Fakeville, FAK', '$2y$10$1'),
(2, 'user2@mail.com', 'user2', '456 Fake St, Fakeville, FAK', '$2y$10$2'),
(3, 'user3@mail.com', 'user3', '789 Fake St, Fakeville, FAK', '$2y$10$3'),
(4, 'user4@mail.com', 'user4', '101 Fake St, Fakeville, FAK', '$2y$10$4'),
(5, 'user5@mail.com', 'user5', '112 Fake St, Fakeville, FAK', '$2y$10$5'),
(6, 'user6@mail.com', 'user6', '113 Fake St, Fakeville, FAK', '$2y$10$6'),
(7, 'user7@mail.com', 'user7', '114 Fake St, Fakeville, FAK', '$2y$10$7'),
(8, 'user8@mail.com', 'user8', '115 Fake St, Fakeville, FAK', '$2y$10$8'),
(9, 'user9@mail.com', 'user9', '116 Fake St, Fakeville, FAK', '$2y$10$9'),
(10, 'user10@mail.com', 'user10', '117 Fake St, Fakeville, FAK', '$2y$10$10');


-- Insert statements for Product Reviews table
INSERT IGNORE INTO `ProductReviews` (`ProductID`, `CustomerID`, `Rating`, `Review`) VALUES
(1, 1, 5, 'Great CPU, very fast and reliable'),
(1, 2, 4, 'Good CPU, great performance for the price'),
(3, 3, 5, 'Amazing GPU, runs all games at max settings'),
(4, 4, 4, 'Good GPU, great value for the price'),
(5, 5, 5, 'Nice case, good build quality'),
(6, 6, 4, 'Fast SSD, great for gaming'),
(7, 7, 5, 'Good RAM, works perfectly'),
(8, 8, 4, 'Great motherboard, lots of features'),
(9, 9, 5, 'Excellent power supply, very reliable'),
(10, 10, 4, 'Good HDD, fast and reliable'),
(11, 1, 5, 'Best CPU I have ever used'),
(12, 2, 4, 'Great GPU, runs all games smoothly'),
(13, 3, 5, 'Nice case, good airflow'),
(14, 4, 4, 'Fast SSD, good value for the price'),
(15, 5, 5, 'Good RAM, works perfectly'),
(16, 6, 4, 'Great motherboard, lots of features'),
(17, 7, 5, 'Excellent power supply, very reliable'),
(18, 8, 4, 'Good HDD, fast and reliable'),
(19, 9, 5, 'Best CPU I have ever used'),
(20, 10, 4, 'Great GPU, runs all games smoothly'),
(21, 1, 5, 'Nice case, good airflow'),
(22, 2, 4, 'Fast SSD, good value for the price'),
(23, 3, 5, 'Good RAM, works perfectly'),
(24, 4, 4, 'Great motherboard, lots of features'),
(25, 5, 5, 'Excellent power supply, very reliable'),
(26, 6, 4, 'Good HDD, fast and reliable'),
(27, 7, 5, 'Best CPU I have ever used'),
(28, 8, 4, 'Great GPU, runs all games smoothly'),
(29, 9, 5, 'Nice case, good airflow'),
(30, 10, 4, 'Fast SSD, good value for the price'),
(31, 1, 5, 'Good RAM, works perfectly'),
(32, 2, 4, 'Great motherboard, lots of features');


-- Insert statements for Orders table
INSERT INTO `Orders` (`OrderID`, `CustomerID`, `TotalAmount`, `OrderStatusID`, `CheckedOutAt`, `CreatedAt`, `UpdatedAt`) VALUES
(1, 1, 709.96, 5, NULL, NOW(), NOW()),
(2, 2, 1259.97, 3, NULL, NOW(), NOW()),
(3, 3, 1609.97, 2, NULL, NOW(), NOW()),
(4, 4, 2099.97, 1, NULL, NOW(), NOW()),
(5, 5, 2569.97, 6, NULL, NOW(), NOW()),
(6, 6, 2259.96, 4, NULL, NOW(), NOW()),
(7, 7, 849.97, 3, NULL, NOW(), NOW()),
(8, 8, 429.97, 2, NULL, NOW(), NOW()),
(9, 9, 1459.97, 2, NULL, NOW(), NOW()),
(10, 10, 829.97, 3, NULL, NOW(), NOW()),
(11, 1, 1399.97, 2, NULL, NOW(), NOW());

UPDATE `Orders` 
SET `CheckedOutAt` = NOW() - INTERVAL FLOOR(RAND() * 10) DAY,
    `UpdatedAt` = NOW() - INTERVAL FLOOR(RAND() * 10) DAY
WHERE `OrderStatusID` != 1;

-- Insert statements for DummyOrderLines table
INSERT IGNORE INTO `OrderLines` (`OrderID`, `ProductID`, `Quantity`) VALUES
(1, 1, 2),
(1, 5, 1),
(1, 7, 4),
(2, 2, 6),
(2, 3, 2),
(2, 6, 1),
(3, 4, 1),
(3, 8, 1),
(3, 9, 1),
(4, 10, 2),
(4, 11, 1),
(4, 12, 4),
(5, 13, 2),
(5, 14, 1),
(5, 15, 3),
(6, 16, 1),
(6, 17, 5),
(6, 18, 1),
(7, 19, 6),
(7, 20, 1),
(7, 21, 1),
(8, 22, 1),
(8, 23, 8),
(8, 24, 1),
(9, 25, 2),
(9, 26, 2),
(9, 27, 1),
(10, 28, 1),
(10, 29, 1),
(10, 30, 3),
(11, 31, 1),
(11, 32, 1),
(11, 1, 1);
